subject,true_labels,real_labels,pred_labels
43,1,1,1
43,1,1,2
43,8,6,3
43,8,8,8
43,8,6,3
43,6,6,1
43,4,4,6
43,7,7,7
43,7,1,1
43,5,5,5
43,5,5,5
43,8,8,8
43,2,2,2
43,2,2,1
43,6,6,6
43,3,3,4
43,5,5,5
43,5,5,5
43,8,8,8
43,1,1,1
43,1,1,1
43,1,1,1
43,4,4,4
43,8,8,8
43,8,8,8
43,7,7,7
43,2,2,1
43,7,7,7
43,1,1,1
43,4,4,4
43,5,5,6
43,3,3,3
43,4,4,4
43,1,1,1
43,1,1,1
43,6,6,8
43,2,2,2
43,5,5,5
43,3,3,7
43,2,2,2
43,4,4,1
43,3,3,8
43,5,5,5
43,3,2,3
43,6,6,4
43,1,1,8
43,8,8,8
43,2,2,2
43,1,1,6
43,8,8,1
43,2,2,2
43,1,1,2
43,4,4,1
43,3,3,3
43,6,6,6
43,4,4,4
43,7,7,7
43,8,8,8
43,4,4,4
43,7,7,6
43,3,3,3
43,1,1,7
43,7,6,7
43,6,6,1
43,5,5,5
43,1,1,1
43,4,4,8
43,5,5,5
43,6,6,6
43,1,1,1
43,6,6,4
43,6,6,6
43,7,1,1
43,5,5,5
43,4,1,2
43,2,2,2
43,1,1,1
43,3,3,3
43,4,4,4
43,8,8,8
43,6,6,4
43,3,3,3
43,8,8,5
43,4,4,4
43,6,6,4
43,3,3,3
43,5,5,8
43,5,5,5
43,8,8,1
43,2,2,2
43,7,7,7
43,6,6,2
43,3,3,3
43,8,6,8
43,3,3,3
43,4,4,4
43,6,6,6
43,7,7,7
43,4,4,4
43,4,4,4
43,8,8,5
43,1,1,2
43,6,6,4
43,7,7,7
43,5,5,5
43,7,7,7
43,5,5,5
43,7,7,2
43,8,8,3
43,3,3,8
43,7,7,7
43,8,7,8
43,4,4,6
43,7,7,7
43,6,6,6
43,3,3,7
43,8,8,8
43,2,2,2
43,5,5,5
43,8,8,2
43,1,1,2
43,1,1,1
43,1,1,1
43,4,4,4
43,8,8,8
43,5,5,5
43,4,4,4
43,4,4,4
43,2,2,2
43,2,3,2
43,1,1,1
43,4,4,4
43,5,3,5
43,5,5,5
43,2,2,2
43,3,3,3
43,2,2,3
43,2,2,2
43,8,8,8
43,8,8,8
43,3,3,2
43,5,5,5
43,1,1,1
43,7,7,3
43,7,7,7
43,8,7,4
43,1,1,1
43,6,6,6
43,7,7,7
43,8,8,8
43,6,6,6
43,4,4,6
43,3,8,2
43,2,2,1
43,2,2,2
43,3,3,3
43,2,2,4
43,3,3,7
43,3,3,3
43,2,2,2
43,8,8,8
43,4,4,4
43,5,5,5
43,4,1,4
43,1,1,1
43,1,1,1
43,5,5,5
43,5,5,8
43,1,1,1
43,8,8,8
43,8,6,7
43,7,7,7
43,1,1,1
43,5,5,5
43,1,1,4
43,3,3,8
43,7,7,7
43,2,2,2
43,4,4,8
43,4,4,4
43,6,6,6
43,6,6,6
43,3,8,3
43,8,8,8
43,2,2,2
43,1,1,1
43,8,7,1
43,1,1,1
43,1,1,1
43,2,2,2
43,6,6,6
43,1,1,1
43,5,5,5
43,2,2,2
43,6,6,4
43,2,2,2
43,8,8,8
43,7,7,7
43,1,1,1
43,6,6,6
43,5,8,8
43,2,2,2
43,2,2,2
43,6,6,6
43,7,7,7
43,8,8,8
43,4,4,4
43,5,5,4
43,7,7,6
43,8,8,8
43,6,6,6
43,2,2,2
43,8,6,8
43,3,3,3
43,5,5,6
43,2,2,2
43,5,5,5
43,7,7,7
43,1,1,1
43,6,6,6
43,6,6,6
43,5,5,8
43,1,1,1
43,8,8,8
43,7,7,7
43,3,3,7
43,8,8,8
43,3,3,3
43,6,6,6
43,5,5,3
43,6,6,6
43,7,6,7
43,5,5,5
43,8,8,8
43,8,8,5
43,8,8,8
43,8,8,8
43,6,6,6
43,5,5,8
43,5,8,6
43,5,8,5
43,5,5,5
43,4,4,7
43,4,4,4
43,8,8,8
43,6,6,2
43,7,7,7
43,7,1,1
43,8,7,8
43,3,3,3
43,1,1,2
43,8,8,8
43,4,4,4
43,2,2,2
43,7,7,7
43,2,2,2
43,5,5,5
43,7,7,7
43,5,5,5
43,1,1,1
43,5,5,6
43,2,2,2
43,6,6,6
43,2,2,2
43,7,7,7
43,6,6,6
43,8,8,8
43,4,1,4
43,3,2,3
43,1,1,1
43,6,6,1
43,4,4,4
43,1,1,1
43,7,7,7
43,5,5,4
43,7,7,7
43,5,6,5
43,2,2,2
43,1,1,1
43,4,4,1
43,6,6,5
43,2,2,2
43,1,1,1
43,5,5,5
43,6,6,6
43,3,3,3
43,4,4,4
43,6,6,6
43,8,8,8
43,2,2,2
43,4,4,4
43,6,6,6
43,1,1,1
43,2,2,2
43,3,3,3
43,7,7,7
43,5,3,5
43,6,6,5
43,2,2,2
43,5,6,8
43,1,1,1
43,5,5,6
43,6,6,6
43,8,8,8
43,3,2,3
43,8,7,8
43,3,2,3
43,3,3,3
43,4,4,4
43,5,5,8
43,5,5,5
43,8,8,8
43,6,6,6
43,1,1,6
43,3,2,3
43,2,2,2
43,6,6,6
43,6,6,6
43,7,7,7
43,2,2,2
43,1,1,1
43,5,5,5
43,7,7,7
43,3,3,3
43,4,4,4
43,6,6,6
43,8,8,8
43,4,4,4
43,4,4,4
43,8,8,4
43,4,4,4
43,1,1,1
43,7,7,7
43,7,7,7
43,3,3,3
43,8,8,8
43,4,4,8
43,6,6,6
43,8,8,8
43,4,4,4
43,3,2,3
43,2,2,2
43,3,3,7
43,4,4,4
43,1,1,1
43,8,8,5
43,8,7,6
43,6,6,6
43,1,1,1
43,4,4,4
43,1,1,1
43,5,5,5
43,7,7,2
43,1,1,3
43,6,6,6
43,1,1,1
43,7,7,7
43,8,7,8
43,3,3,3
43,5,5,5
43,2,2,2
43,1,1,1
43,1,1,2
43,4,4,8
43,1,1,1
43,8,8,8
43,4,4,4
43,6,6,6
43,3,3,3
43,6,6,6
43,5,8,5
43,5,5,8
43,6,6,6
43,6,6,4
43,3,2,3
43,8,8,8
43,7,7,7
43,5,5,4
43,8,8,1
43,7,7,1
43,3,3,3
43,6,6,6
43,8,8,8
43,3,3,3
43,1,1,1
43,8,8,6
43,4,1,4
43,4,4,4
43,3,3,3
43,5,6,5
43,2,2,2
43,3,3,3
43,7,7,1
43,7,7,7
43,2,2,2
43,5,5,5
43,3,3,3
43,4,4,4
43,3,3,3
43,3,8,3
43,7,7,7
43,1,1,7
43,5,5,5
43,6,6,6
43,8,8,8
43,8,7,4
43,2,2,4
43,5,5,5
43,4,4,4
43,5,8,8
43,7,7,2
43,2,2,2
43,3,3,3
43,1,7,1
43,7,7,2
43,7,1,1
43,6,6,1
43,3,3,2
43,1,1,1
43,6,6,8
43,1,1,1
43,1,1,1
43,4,4,4
43,3,3,7
43,3,3,8
43,6,6,6
43,7,7,7
43,6,6,6
43,4,4,4
43,7,7,7
43,4,4,4
43,6,6,6
43,2,2,2
43,2,2,2
43,7,7,7
43,7,7,1
43,1,1,1
43,6,6,6
43,2,2,1
43,2,2,2
43,1,1,1
43,8,8,4
43,2,2,1
43,5,5,5
43,5,5,4
43,2,2,1
43,2,2,2
43,5,5,5
43,2,2,2
43,1,1,1
43,5,5,3
43,5,5,5
43,2,2,2
43,8,8,8
43,1,1,1
43,4,4,8
43,6,6,6
43,3,3,3
43,6,6,6
43,6,6,6
43,3,3,2
43,3,3,3
43,3,3,3
43,4,4,4
43,8,8,8
43,3,3,3
43,6,6,2
43,2,2,2
43,5,5,5
43,6,6,6
43,4,4,4
43,3,3,3
43,1,1,1
43,4,4,4
43,3,2,3
43,7,7,7
43,3,5,8
43,1,7,7
43,2,2,2
43,5,5,5
43,1,1,1
43,7,7,7
43,3,3,3
36,7,7,7
36,2,2,2
36,7,7,7
36,3,3,3
36,1,1,8
36,4,4,8
36,7,7,5
36,7,7,7
36,6,6,6
36,4,4,4
36,3,3,7
36,7,7,7
36,6,6,6
36,3,3,3
36,6,6,6
36,4,4,4
36,5,5,5
36,8,8,8
36,6,6,4
36,7,7,2
36,6,6,6
36,3,3,3
36,2,2,2
36,4,7,4
36,6,5,6
36,1,1,1
36,1,1,1
36,2,2,3
36,7,7,7
36,4,4,4
36,2,2,2
36,8,6,8
36,2,2,2
36,6,6,6
36,3,2,3
36,7,7,7
36,1,1,1
36,4,4,4
36,7,7,7
36,5,5,5
36,6,6,6
36,3,3,3
36,6,6,6
36,4,4,4
36,7,7,7
36,2,2,2
36,4,4,4
36,6,6,6
36,7,7,7
36,7,7,7
36,5,5,5
36,6,6,6
36,2,2,2
36,3,3,3
36,1,1,1
36,3,8,7
36,3,3,7
36,6,6,1
36,5,5,5
36,4,4,4
36,3,3,3
36,1,1,1
36,4,4,4
36,1,1,1
36,4,4,4
36,4,4,6
36,7,7,7
36,3,3,3
36,5,5,5
36,3,3,5
36,5,5,5
36,6,6,6
36,5,5,4
36,5,5,5
36,4,7,4
36,2,2,2
36,1,1,1
36,8,8,8
36,8,8,8
36,4,4,4
36,1,1,1
36,7,7,7
36,3,3,3
36,1,1,1
36,6,6,1
36,6,6,6
36,2,2,1
36,3,3,3
36,6,6,6
36,5,5,5
36,6,6,6
36,2,2,2
36,7,7,6
36,1,1,7
36,1,1,1
36,4,4,4
36,7,7,7
36,1,1,1
36,5,5,5
36,8,8,8
36,8,8,8
36,8,8,8
36,6,5,6
36,3,3,2
36,4,4,6
36,4,4,5
36,2,2,2
36,8,8,8
36,6,7,6
36,3,3,3
36,4,4,1
36,5,5,8
36,6,6,5
36,3,3,3
36,2,2,2
36,4,4,4
36,4,4,4
36,3,3,8
36,2,2,2
36,5,5,4
36,6,7,6
36,1,1,1
36,3,3,8
36,3,3,3
36,6,6,1
36,2,2,2
36,8,8,8
36,2,2,8
36,5,5,5
36,3,2,3
36,4,4,4
36,2,2,2
36,5,5,5
36,6,6,6
36,8,8,5
36,5,5,5
36,2,2,2
36,1,1,3
36,7,7,7
36,8,8,8
36,1,1,7
36,2,2,2
36,1,1,1
36,5,5,5
36,1,1,1
36,8,7,8
36,6,6,6
36,4,4,8
36,1,1,1
36,6,6,6
36,3,3,8
36,8,8,3
36,5,5,5
36,2,2,2
36,4,4,4
36,6,7,6
36,1,1,1
36,2,2,2
36,1,1,1
36,3,2,2
36,6,6,6
36,8,8,8
36,2,2,2
36,4,4,4
36,5,5,5
36,7,1,1
36,5,5,5
36,5,5,5
36,7,7,3
36,6,6,8
36,7,6,3
36,4,4,4
36,8,8,8
36,6,6,6
36,1,1,1
36,2,2,2
36,6,6,6
36,5,5,5
36,8,8,8
36,6,6,6
36,3,3,3
36,7,7,7
36,1,1,1
36,4,4,4
36,4,4,4
36,5,5,5
36,2,2,2
36,7,7,7
36,1,1,1
36,6,6,6
36,3,2,7
36,1,1,1
36,4,4,8
36,1,1,1
36,5,5,5
36,1,1,1
36,8,8,8
36,1,1,1
36,6,6,6
36,5,5,5
36,4,4,4
36,1,1,8
36,4,4,8
36,4,4,4
36,6,6,6
36,8,8,8
36,2,2,2
36,2,2,2
36,1,1,7
36,6,6,6
36,4,4,4
36,2,2,7
36,6,6,6
36,4,4,4
36,2,2,4
36,1,1,1
36,4,4,4
36,8,8,4
36,6,6,6
36,4,4,4
36,4,4,4
36,6,7,8
36,7,7,7
36,7,7,7
36,4,4,4
36,7,7,7
36,6,6,6
36,4,4,4
36,1,1,7
36,6,6,6
36,2,2,2
36,3,3,3
36,1,1,4
36,8,8,8
36,2,2,1
36,3,2,3
36,1,1,1
36,5,5,5
36,6,6,8
36,3,3,3
36,1,1,8
36,2,2,2
36,1,1,1
36,3,3,3
36,8,8,8
36,6,6,4
36,5,5,5
36,4,4,4
36,2,2,3
36,4,4,4
36,5,5,5
36,6,6,6
36,2,2,2
36,7,7,7
36,2,2,2
36,6,6,6
36,1,1,1
36,2,2,2
36,7,7,7
36,5,5,5
36,1,1,2
36,2,2,2
36,4,4,4
36,2,2,2
36,4,4,4
36,4,4,4
36,8,8,7
36,7,7,7
36,4,4,4
36,3,2,4
36,8,8,8
36,1,1,1
36,3,3,2
36,1,1,6
36,7,7,7
36,6,6,6
36,8,8,8
36,2,2,3
36,4,5,4
36,2,2,2
36,5,5,5
36,1,1,2
36,5,5,5
36,5,5,6
36,4,4,4
36,7,7,7
36,8,8,8
36,4,4,4
36,1,1,4
36,2,2,2
36,3,3,3
36,7,7,7
36,6,5,6
36,1,1,2
36,6,6,6
36,8,8,8
36,2,2,2
36,3,8,8
36,4,4,6
36,7,7,7
36,2,2,1
36,6,6,6
36,7,7,7
36,1,1,1
36,4,4,7
36,3,3,2
36,8,8,8
36,8,8,1
36,8,8,8
36,3,3,3
36,1,1,1
36,1,1,1
36,3,3,3
36,7,7,7
36,7,7,7
36,7,7,3
36,4,4,1
36,5,5,5
36,7,7,7
36,7,7,7
36,5,5,5
36,3,3,3
36,1,1,1
36,6,6,6
36,2,2,2
36,5,5,3
36,6,6,4
36,2,1,7
36,4,4,4
36,8,8,8
36,7,1,1
36,2,2,2
36,5,5,5
36,6,6,6
36,2,2,2
36,1,1,1
36,7,7,7
36,5,5,5
36,3,3,3
36,8,8,8
36,3,3,3
36,8,8,8
36,3,3,3
36,3,3,3
36,3,3,3
36,6,6,6
36,1,1,1
36,1,1,1
36,7,7,3
36,2,2,2
36,7,7,6
36,8,8,8
36,2,2,2
36,1,1,1
36,5,5,5
36,8,8,8
36,7,7,7
36,1,1,1
36,2,2,2
36,5,5,5
36,4,4,1
36,1,1,1
36,4,4,4
36,3,3,3
36,8,8,8
36,8,8,6
36,5,5,5
36,5,5,5
36,6,6,4
36,6,6,6
36,5,5,5
36,4,7,4
36,4,4,4
36,7,7,7
36,5,5,5
36,1,1,1
36,6,6,6
36,7,6,1
36,7,7,7
36,7,7,3
36,6,6,5
36,2,2,7
36,7,7,7
36,6,6,6
36,5,5,7
36,5,5,5
36,7,7,2
36,7,7,7
36,8,8,8
36,1,1,1
36,3,3,3
36,8,8,4
36,8,8,8
36,2,2,2
36,4,4,4
36,6,6,6
36,4,7,4
36,4,4,4
36,6,6,6
36,5,5,5
36,5,5,5
36,5,5,5
36,1,1,2
36,6,6,6
36,8,8,8
36,7,1,7
36,2,2,2
36,7,7,3
36,7,7,7
36,6,6,6
36,8,8,8
36,2,2,2
36,2,2,2
36,8,8,8
36,4,4,4
36,6,6,6
36,3,3,7
36,4,4,4
36,1,1,1
36,2,1,1
36,3,3,3
36,4,4,4
36,2,2,2
36,1,1,1
36,2,2,7
36,5,5,8
36,1,1,7
36,3,3,4
36,3,3,3
36,1,1,1
36,1,1,1
36,7,7,7
36,3,3,3
36,2,2,2
36,1,1,1
36,5,5,5
57,1,1,6
57,8,8,8
57,5,5,5
57,8,8,8
57,4,4,4
57,6,6,4
57,7,7,7
57,5,5,5
57,4,4,4
57,5,5,8
57,4,1,4
57,5,5,5
57,5,5,8
57,8,8,8
57,1,1,7
57,1,1,1
57,1,1,1
57,2,2,2
57,1,1,3
57,5,5,8
57,3,3,3
57,8,8,8
57,8,6,8
57,6,6,1
57,5,5,6
57,5,5,5
57,8,8,8
57,5,5,5
57,5,5,5
57,2,2,2
57,8,8,8
57,3,3,3
57,5,5,5
57,1,1,2
57,5,5,8
57,3,4,7
57,1,1,1
57,7,7,7
57,7,7,7
57,3,3,3
57,2,2,6
57,7,1,7
57,1,1,8
57,3,2,3
57,8,8,8
57,8,8,6
57,7,7,2
57,6,6,6
57,3,2,7
57,5,5,5
57,1,1,1
57,5,5,8
57,7,7,7
57,5,4,5
57,1,1,1
57,3,3,3
57,8,8,8
57,5,5,5
57,8,8,8
57,2,2,2
57,2,3,2
57,4,4,4
57,7,7,8
57,8,8,8
57,5,5,5
57,1,1,1
57,3,8,7
57,8,8,8
57,3,3,3
57,3,8,1
57,3,3,3
57,1,1,1
57,2,2,2
57,4,4,4
57,2,2,2
57,1,1,1
57,3,3,3
57,1,1,3
57,4,4,4
57,7,7,7
57,2,2,2
57,2,2,2
57,3,3,3
57,3,3,3
57,8,8,8
57,5,5,8
57,5,5,8
57,6,5,6
57,6,6,6
57,8,8,4
57,4,4,4
57,2,1,1
57,6,6,6
57,7,7,7
57,6,6,6
57,2,7,7
57,2,2,2
57,5,5,5
57,5,5,5
57,7,7,2
57,4,4,8
57,5,5,5
57,4,4,4
57,4,4,4
57,7,7,7
57,4,1,4
57,5,5,5
57,3,3,3
57,3,2,4
57,3,3,3
57,8,8,8
57,8,6,8
57,4,4,4
57,5,4,8
57,2,2,1
57,4,4,4
57,6,6,6
57,4,4,1
57,8,6,8
57,3,2,3
57,7,7,2
57,7,7,7
57,6,6,6
57,8,8,8
57,1,1,1
57,5,5,5
57,7,7,7
57,2,2,3
57,7,7,7
57,5,5,5
57,4,7,4
57,5,5,5
57,2,2,2
57,7,7,2
57,2,2,2
57,5,5,5
57,3,2,3
57,8,6,8
57,7,7,7
57,3,2,3
57,7,7,7
57,5,5,5
57,2,2,2
57,1,1,1
57,1,1,1
57,3,3,3
57,6,6,6
57,7,7,7
57,1,1,1
57,4,4,4
57,2,2,2
57,2,2,2
57,4,4,7
57,4,4,4
57,2,2,2
57,1,1,1
57,3,3,7
57,4,4,4
57,2,2,2
57,4,4,4
57,3,2,3
57,2,2,4
57,4,4,4
57,8,6,8
57,2,2,1
57,6,6,6
57,6,6,6
57,8,8,8
57,6,6,4
57,6,6,6
57,7,7,1
57,1,1,1
57,4,4,4
57,3,2,3
57,7,7,1
57,4,4,4
57,2,2,3
57,5,5,5
57,6,6,4
57,6,6,6
57,7,7,4
57,2,5,6
57,8,8,8
57,8,8,8
57,1,1,1
57,3,3,3
57,1,1,8
57,1,1,1
57,2,2,2
57,7,7,7
57,8,6,8
57,7,7,6
57,7,7,2
57,3,3,3
57,7,7,7
57,1,1,1
57,3,3,3
57,6,6,2
57,5,5,1
57,4,4,8
57,8,8,3
57,2,2,2
57,6,6,8
57,3,3,8
57,1,1,7
57,7,7,7
57,4,4,6
57,5,5,5
57,4,4,4
57,5,5,6
57,6,6,6
57,2,2,2
57,4,4,4
57,2,2,2
57,8,8,5
57,3,8,3
57,4,4,1
57,5,5,5
57,8,8,8
57,8,8,8
57,1,1,1
57,8,8,8
57,7,1,8
57,6,6,4
57,7,7,1
57,8,8,8
57,1,1,7
57,7,7,2
57,7,7,8
57,7,7,3
57,2,2,2
57,3,3,3
57,8,8,8
57,5,5,5
57,8,8,8
57,8,8,8
57,7,7,7
57,1,1,2
57,7,7,2
57,5,5,5
57,2,2,2
57,4,4,4
57,1,1,1
57,8,8,8
57,5,5,8
57,8,8,8
57,6,6,4
57,2,1,1
57,8,8,4
57,3,3,3
57,3,6,8
57,3,3,2
57,8,8,8
57,6,5,6
57,3,8,8
57,1,1,1
57,1,1,6
57,4,4,4
57,7,7,7
57,1,1,1
57,2,2,2
57,2,2,2
57,4,4,8
57,6,6,6
57,4,4,8
57,2,2,2
57,3,2,3
57,7,7,7
57,3,3,3
57,4,4,4
57,2,3,2
57,6,6,6
57,7,7,1
57,2,2,2
57,3,3,3
57,5,5,8
57,7,7,4
57,5,5,5
57,8,8,8
57,1,1,1
57,8,6,1
57,7,7,1
57,4,4,4
57,8,8,8
57,1,1,1
57,1,1,1
57,5,5,5
57,2,2,2
57,3,3,3
57,2,2,2
57,5,5,5
57,5,5,5
57,1,1,2
57,1,1,4
57,7,7,7
57,6,6,6
57,3,3,2
57,3,3,3
57,6,6,8
57,1,1,1
57,7,7,8
57,5,5,5
57,2,2,2
57,3,2,3
57,5,5,5
57,3,3,3
57,2,2,1
57,7,7,5
57,8,8,1
57,8,8,8
57,6,6,4
57,6,6,1
57,8,8,8
57,5,4,8
57,6,6,6
57,7,7,7
57,1,1,1
57,7,7,2
57,6,6,6
57,6,6,6
57,7,7,6
57,1,1,1
57,2,2,2
57,6,6,6
57,6,6,6
57,6,6,1
57,6,6,4
57,6,6,4
57,5,5,5
57,3,3,3
57,3,3,7
57,4,4,4
57,7,7,7
57,6,6,6
57,4,4,4
57,6,6,6
57,1,1,1
57,1,1,1
57,7,1,7
57,4,4,4
57,8,8,8
57,1,1,1
57,1,1,1
57,7,7,1
57,4,4,4
57,8,8,8
57,6,6,6
57,4,4,4
57,7,7,7
57,5,5,5
57,3,3,3
57,1,1,1
57,4,4,4
57,4,4,4
57,5,5,5
57,6,5,6
57,1,1,1
57,6,5,6
57,7,7,7
57,6,6,4
57,2,2,2
57,3,3,3
57,3,3,8
57,2,3,2
57,5,5,5
57,7,7,7
57,6,6,6
57,2,2,2
57,5,5,5
57,8,8,8
57,1,1,1
57,4,4,4
57,2,3,2
57,4,4,6
57,6,6,6
57,8,8,8
57,4,4,4
57,6,6,1
57,6,6,6
57,7,7,2
57,5,8,5
57,5,4,5
57,7,7,6
57,5,5,5
57,7,7,7
57,5,5,5
57,7,1,7
57,2,2,2
57,6,6,6
57,3,6,2
57,3,3,3
57,8,8,8
57,6,6,1
57,7,7,1
57,1,1,1
57,1,1,1
57,8,8,8
57,4,4,4
57,7,7,6
57,5,4,5
57,3,3,3
57,8,6,3
57,8,8,8
57,1,1,1
57,5,5,5
57,1,1,1
57,4,4,4
57,7,7,7
57,5,5,8
57,3,3,2
57,6,6,6
41,4,4,4
41,1,1,3
41,4,4,2
41,1,1,1
41,5,5,5
41,8,8,8
41,7,2,7
41,2,2,2
41,5,5,5
41,7,7,7
41,7,7,7
41,7,7,7
41,3,3,3
41,1,1,1
41,3,3,3
41,2,2,2
41,6,6,6
41,3,3,3
41,3,3,3
41,4,4,4
41,8,8,8
41,5,5,5
41,7,7,7
41,7,7,7
41,8,8,8
41,5,5,4
41,8,8,4
41,1,1,1
41,1,1,1
41,4,4,1
41,8,8,8
41,6,6,6
41,3,8,2
41,3,3,3
41,6,7,6
41,4,4,4
41,4,4,4
41,4,4,4
41,1,1,1
41,6,6,2
41,5,5,5
41,2,1,7
41,6,6,6
41,6,6,6
41,7,7,7
41,2,2,2
41,2,2,2
41,5,5,8
41,2,2,2
41,8,8,8
41,1,1,1
41,5,5,5
41,1,1,1
41,7,7,7
41,6,6,6
41,8,8,8
41,4,4,4
41,4,4,4
41,3,3,3
41,7,7,7
41,7,7,7
41,5,5,5
41,2,2,2
41,3,3,3
41,7,7,7
41,8,8,8
41,3,3,3
41,5,5,7
41,8,8,7
41,2,2,2
41,6,6,6
41,5,5,5
41,4,4,4
41,4,4,4
41,8,8,8
41,5,5,5
41,5,5,5
41,6,6,6
41,1,1,1
41,8,8,8
41,5,5,8
41,6,6,1
41,4,4,1
41,5,5,3
41,8,6,7
41,5,5,5
41,8,1,8
41,6,6,6
41,8,8,8
41,7,7,7
41,5,5,5
41,6,6,6
41,5,5,5
41,4,7,4
41,7,7,4
41,6,6,6
41,2,3,2
41,4,4,4
41,7,7,7
41,5,5,5
41,6,6,6
41,8,6,8
41,8,8,8
41,3,3,3
41,6,6,6
41,7,7,7
41,7,7,7
41,8,8,8
41,3,3,3
41,2,2,2
41,2,2,2
41,5,5,5
41,1,1,1
41,8,8,8
41,8,8,8
41,2,2,2
41,8,8,5
41,8,8,8
41,5,5,4
41,7,2,8
41,7,7,2
41,4,4,4
41,5,5,5
41,6,6,6
41,2,2,1
41,7,7,7
41,3,3,3
41,7,2,3
41,8,8,8
41,7,1,7
41,8,8,8
41,8,8,8
41,8,8,4
41,4,4,4
41,2,2,2
41,3,3,3
41,5,5,8
41,1,1,1
41,2,2,2
41,8,8,8
41,4,4,8
41,2,3,2
41,4,4,4
41,5,5,5
41,5,5,5
41,1,1,1
41,8,8,8
41,6,7,6
41,8,8,7
41,2,2,7
41,2,2,2
41,7,7,7
41,7,7,7
41,7,7,7
41,7,7,7
41,5,5,4
41,2,1,6
41,5,5,5
41,7,7,7
41,1,1,1
41,5,5,5
41,8,6,8
41,2,2,2
41,4,5,4
41,4,4,4
41,2,1,7
41,3,3,7
41,8,8,2
41,4,4,4
41,2,2,2
41,5,5,4
41,8,8,8
41,5,5,5
41,4,4,4
41,7,7,7
41,3,3,3
41,5,5,5
41,1,1,6
41,6,6,1
41,4,4,4
41,6,6,6
41,2,2,2
41,8,8,6
41,2,2,2
41,7,7,7
41,1,1,1
41,8,8,5
41,5,5,5
41,1,1,1
41,2,2,2
41,7,2,7
41,8,8,5
41,6,6,6
41,4,4,6
41,8,8,8
41,8,6,8
41,3,2,2
41,6,6,6
41,1,1,1
41,6,6,6
41,5,5,5
41,2,3,2
41,3,3,3
41,4,4,4
41,1,1,1
41,8,8,8
41,1,1,8
41,7,7,7
41,1,1,1
41,6,6,1
41,6,6,6
41,8,8,3
41,8,8,8
41,3,3,3
41,8,8,8
41,6,6,8
41,5,5,5
41,7,7,2
41,3,3,2
41,4,4,4
41,8,8,8
41,1,1,7
41,1,1,1
41,3,3,3
41,4,4,4
41,4,4,4
41,5,5,5
41,2,2,2
41,3,3,3
41,7,7,7
41,4,4,4
41,6,6,6
41,7,7,7
41,1,1,1
41,4,4,4
41,1,1,8
41,8,8,8
41,7,7,5
41,7,7,7
41,5,5,8
41,2,2,3
41,8,8,8
41,8,8,8
41,6,6,6
41,5,5,5
41,7,7,3
41,2,2,7
41,7,7,1
41,8,8,8
41,1,1,1
41,2,3,2
41,2,2,2
41,5,3,5
41,1,1,1
41,5,5,6
41,3,3,3
41,4,4,4
41,5,5,5
41,6,6,6
41,4,4,2
41,8,8,8
41,8,6,5
41,4,4,6
41,2,2,2
41,4,4,6
41,8,8,7
41,5,5,5
41,2,2,2
41,8,8,8
41,3,3,3
41,1,1,7
41,3,3,3
41,4,4,4
41,3,3,1
41,2,2,2
41,4,4,4
41,2,2,2
41,3,3,3
41,1,1,1
41,4,4,4
41,2,2,2
41,8,8,8
41,8,8,8
41,2,2,1
41,8,8,8
41,1,1,1
41,7,7,7
41,1,1,1
41,2,2,2
41,2,2,1
41,2,2,2
41,6,6,4
41,6,6,6
41,4,4,4
41,8,8,8
41,4,4,6
41,6,6,6
41,7,7,7
41,6,7,6
41,5,5,5
41,6,6,6
41,2,2,2
41,6,6,6
41,6,6,6
41,8,8,8
41,5,5,5
41,1,1,3
41,1,1,3
41,6,6,6
41,3,3,3
41,2,2,2
41,4,4,8
41,1,1,1
41,3,3,3
41,4,4,4
41,8,8,4
41,8,8,5
41,4,4,2
41,2,2,2
41,8,8,8
41,5,5,5
41,7,7,7
41,3,2,2
41,6,6,6
41,8,6,5
41,7,7,7
41,1,1,1
41,5,3,5
41,3,3,3
41,4,4,4
41,1,1,2
41,2,2,2
41,7,7,3
41,3,3,3
41,5,5,5
41,7,7,7
41,2,2,2
41,5,5,5
41,5,5,5
41,4,4,1
41,8,8,8
41,2,2,2
41,7,7,5
41,1,1,7
41,7,7,7
41,1,1,1
41,6,6,6
41,5,5,5
41,1,1,1
41,1,1,1
41,8,8,8
41,1,1,1
41,4,4,4
41,5,5,5
41,4,4,4
41,2,2,2
41,4,4,8
41,2,2,2
41,1,1,1
41,2,1,7
41,4,4,4
41,5,5,8
41,8,8,8
41,6,6,6
41,3,3,7
41,1,1,1
41,1,1,1
41,3,3,3
41,7,2,3
41,4,4,6
41,4,4,4
41,4,4,4
41,5,5,8
41,3,3,3
41,2,2,2
41,2,2,2
41,3,2,2
41,6,6,6
41,4,4,4
41,1,1,7
41,5,5,5
41,1,1,1
41,7,7,7
41,1,1,1
41,7,7,7
41,6,6,6
41,6,6,6
41,1,1,1
41,3,3,3
41,3,3,3
41,4,4,4
41,4,4,4
41,5,5,5
41,2,2,2
41,6,6,6
41,3,3,5
41,2,2,2
41,1,1,1
41,6,6,6
41,6,6,6
3,8,8,8
3,5,5,5
3,1,1,1
3,1,1,1
3,7,7,7
3,3,3,3
3,5,5,5
3,3,3,3
3,7,7,7
3,6,6,6
3,8,8,1
3,1,1,1
3,5,4,5
3,4,8,4
3,6,4,6
3,8,8,8
3,3,7,8
3,5,5,5
3,4,4,7
3,2,2,2
3,4,4,4
3,4,4,4
3,1,1,1
3,2,2,2
3,4,7,6
3,8,8,8
3,6,6,6
3,8,8,8
3,6,6,5
3,6,6,6
3,6,6,6
3,7,7,7
3,1,1,1
3,7,7,7
3,5,5,5
3,6,6,7
3,7,1,7
3,4,8,4
3,1,1,1
3,1,1,1
3,5,5,5
3,8,6,5
3,6,6,8
3,5,5,8
3,3,3,3
3,7,7,7
3,2,2,2
3,2,2,2
3,4,3,4
3,3,3,3
3,3,7,7
3,8,8,8
3,5,5,5
3,6,6,6
3,1,1,1
3,1,7,7
3,4,4,4
3,6,6,4
3,6,6,6
3,4,4,4
3,1,1,1
3,6,6,6
3,4,4,4
3,7,7,7
3,8,8,8
3,2,2,2
3,8,8,4
3,6,6,6
3,5,5,5
3,1,7,1
3,6,6,6
3,8,8,1
3,4,4,4
3,7,7,7
3,4,4,4
3,7,7,7
3,8,8,1
3,6,6,5
3,6,6,6
3,8,8,8
3,3,3,3
3,3,3,3
3,3,3,3
3,6,6,4
3,8,8,8
3,8,8,8
3,6,5,6
3,4,1,4
3,6,6,6
3,5,5,5
3,3,3,1
3,6,6,6
3,1,1,1
3,5,5,5
3,7,7,7
3,3,3,3
3,6,6,6
3,1,1,1
3,1,1,3
3,4,8,4
3,6,6,6
3,5,5,5
3,6,6,6
3,4,4,4
3,1,7,1
3,4,4,4
3,3,7,8
3,5,5,5
3,6,4,6
3,1,1,1
3,1,1,1
3,2,2,2
3,3,3,3
3,6,6,6
3,3,3,3
3,3,7,5
3,1,1,1
3,6,6,6
3,5,5,5
3,7,7,7
3,6,6,6
3,7,7,7
3,5,5,5
3,2,7,7
3,3,7,8
3,5,5,5
3,2,2,2
3,6,6,6
3,1,1,1
3,1,1,1
3,4,4,4
3,8,4,4
3,6,6,6
3,8,8,4
3,1,1,1
3,2,2,2
3,8,6,4
3,7,7,7
3,1,1,1
3,6,6,6
3,1,1,1
3,4,4,4
3,5,5,5
3,3,3,3
3,1,1,1
3,1,7,1
3,5,5,5
3,7,7,7
3,5,6,8
3,8,8,3
3,8,8,8
3,8,8,1
3,5,8,5
3,7,6,7
3,7,1,1
3,6,4,4
3,1,1,1
3,2,2,2
3,5,5,5
3,6,4,4
3,5,5,5
3,8,6,8
3,7,7,7
3,3,3,2
3,3,3,7
3,2,2,2
3,8,8,8
3,8,8,8
3,4,4,4
3,7,7,7
3,6,6,6
3,4,7,2
3,7,7,7
3,3,3,3
3,2,7,1
3,4,4,4
3,3,3,3
3,5,5,5
3,7,7,7
3,8,8,3
3,2,2,2
3,1,1,1
3,4,8,4
3,8,8,1
3,7,6,7
3,5,5,5
3,6,5,6
3,1,1,1
3,1,1,1
3,6,6,1
3,5,5,8
3,2,2,2
3,5,5,5
3,1,7,1
3,7,7,7
3,1,1,1
3,4,4,4
3,6,6,6
3,7,7,7
3,2,2,2
3,5,5,5
3,1,1,4
3,5,5,5
3,2,2,2
3,4,4,4
3,8,8,8
3,6,6,4
3,5,5,5
3,6,6,6
3,1,1,1
3,7,7,7
3,1,1,1
3,1,1,1
3,4,4,4
3,8,8,8
3,4,4,4
3,7,7,7
3,6,6,6
3,3,3,3
3,5,5,5
3,5,5,5
3,1,1,1
3,8,8,8
3,6,5,6
3,7,7,7
3,1,1,1
3,2,2,2
3,8,6,8
3,4,4,4
3,3,3,2
3,5,5,5
3,1,7,1
3,5,5,8
3,7,1,7
3,5,5,5
3,8,1,1
3,3,3,3
3,6,6,4
3,8,8,8
3,4,4,8
3,8,8,8
3,7,7,7
3,7,7,7
3,6,6,4
3,8,8,8
3,2,2,2
3,7,7,7
3,5,5,4
3,3,3,3
3,6,6,6
3,5,5,5
3,5,5,8
3,3,3,3
3,4,4,4
3,2,2,2
3,3,3,3
3,6,6,6
3,2,2,2
3,7,7,7
3,7,7,7
3,4,4,4
3,3,8,3
3,4,8,4
3,1,1,1
3,4,4,4
3,5,5,5
3,4,4,4
3,3,3,3
3,5,5,5
3,4,4,8
3,2,2,2
3,6,6,4
3,3,3,2
3,5,5,5
3,4,1,4
3,4,4,4
3,7,1,1
3,6,6,6
3,2,2,1
3,3,3,3
3,4,4,6
3,8,8,8
3,2,2,2
3,2,2,2
3,5,5,3
3,8,6,8
3,2,2,1
3,3,3,7
3,1,7,2
3,6,4,4
3,7,7,7
3,3,3,3
3,2,2,2
3,6,6,6
3,5,5,8
3,4,4,8
3,6,6,6
3,3,3,7
3,1,1,1
3,4,4,4
3,2,2,2
3,4,4,8
3,2,2,2
3,2,2,2
3,5,8,5
3,2,2,2
3,5,5,4
3,3,3,3
3,3,3,3
3,2,2,2
3,4,4,4
3,6,6,6
3,4,4,6
3,3,3,7
3,8,8,8
3,3,3,7
3,5,5,5
3,1,1,1
3,8,4,8
3,1,1,1
3,7,7,7
3,7,7,7
3,1,1,1
3,4,8,4
3,8,6,8
3,8,8,8
3,7,1,2
3,3,3,3
3,2,2,2
3,5,5,5
3,3,3,3
3,4,4,7
3,4,1,1
3,1,1,1
3,3,3,3
3,8,8,8
3,4,4,4
3,8,6,8
3,7,7,7
3,4,4,4
3,2,2,1
3,2,2,2
3,2,2,2
3,8,6,5
3,4,3,4
3,8,8,8
3,8,8,8
3,3,3,3
3,3,7,5
3,5,5,5
3,1,1,1
3,2,2,2
3,3,3,3
3,3,3,3
3,3,3,4
3,8,8,8
3,6,6,6
3,4,4,4
3,1,7,7
3,6,6,6
3,4,4,1
3,1,1,1
3,2,2,2
3,3,3,3
3,3,3,3
3,1,1,1
3,5,5,5
3,3,3,3
3,6,6,6
3,2,2,2
3,5,5,8
3,2,2,2
3,1,1,1
3,3,3,3
3,1,7,2
3,1,1,1
3,3,3,7
3,4,4,1
3,5,5,5
3,4,4,4
3,6,6,6
3,8,8,8
3,4,1,4
3,6,5,6
3,6,6,6
3,5,5,5
3,3,3,3
3,8,8,8
3,8,8,8
3,5,5,5
3,4,8,4
3,7,3,4
3,5,5,5
3,5,5,5
3,1,1,4
3,4,4,4
3,1,1,1
3,6,6,6
3,1,1,1
3,1,7,1
3,6,6,6
3,5,5,5
3,7,7,7
3,4,4,4
3,4,4,4
3,5,5,5
3,1,1,1
3,3,3,3
3,6,6,6
3,7,7,7
3,4,4,4
3,6,4,6
3,1,1,1
3,7,7,7
3,2,2,2
3,8,8,8
3,2,2,3
3,4,4,4
3,4,4,4
3,4,4,4
3,8,6,6
3,5,6,5
3,2,2,2
3,3,3,2
3,8,8,8
3,1,1,1
3,5,5,5
3,7,7,7
3,6,6,6
3,6,6,4
3,3,3,2
3,3,3,2
3,5,5,5
3,6,6,6
3,8,4,4
3,2,2,2
44,8,8,8
44,4,4,4
44,2,1,7
44,5,5,5
44,8,8,3
44,7,7,7
44,8,8,8
44,1,1,1
44,1,1,1
44,6,6,6
44,6,6,6
44,1,1,1
44,3,3,3
44,8,8,8
44,7,7,7
44,7,7,7
44,4,4,4
44,5,5,5
44,1,1,7
44,5,5,5
44,7,7,7
44,5,5,5
44,3,3,8
44,4,4,8
44,3,3,7
44,6,6,6
44,1,1,1
44,4,5,6
44,7,7,7
44,4,4,4
44,8,8,8
44,6,6,6
44,6,6,6
44,7,7,7
44,3,3,3
44,5,5,5
44,8,8,5
44,4,4,4
44,6,6,6
44,6,6,6
44,7,7,7
44,5,4,5
44,8,8,8
44,5,5,5
44,1,1,1
44,6,6,4
44,1,1,1
44,5,5,5
44,2,2,2
44,4,5,4
44,6,6,6
44,4,4,4
44,4,4,6
44,4,3,4
44,3,3,3
44,7,7,7
44,5,5,5
44,8,8,8
44,1,1,8
44,1,1,1
44,4,4,4
44,7,7,7
44,1,1,7
44,6,6,6
44,7,7,7
44,2,2,2
44,8,8,8
44,2,2,1
44,4,4,4
44,7,7,7
44,3,3,3
44,1,1,7
44,5,5,5
44,2,2,2
44,4,4,8
44,5,5,5
44,2,2,2
44,5,5,5
44,2,2,2
44,3,3,3
44,3,3,3
44,7,7,7
44,1,1,2
44,2,2,2
44,8,8,8
44,7,7,7
44,2,2,2
44,1,1,1
44,7,7,7
44,2,2,2
44,8,8,8
44,7,7,7
44,6,6,6
44,1,1,7
44,5,5,5
44,2,2,2
44,7,7,7
44,1,1,6
44,6,6,6
44,5,5,7
44,6,6,4
44,4,4,4
44,3,3,3
44,7,7,7
44,1,1,8
44,1,1,8
44,1,1,1
44,1,1,1
44,8,8,8
44,7,2,7
44,7,2,7
44,2,2,2
44,2,1,1
44,6,6,6
44,4,4,4
44,4,4,4
44,7,6,7
44,7,7,7
44,8,8,4
44,7,7,7
44,4,4,4
44,4,4,6
44,1,1,7
44,2,2,1
44,7,7,8
44,8,8,8
44,1,1,1
44,8,8,8
44,7,7,7
44,8,8,8
44,1,1,1
44,6,6,6
44,8,8,8
44,7,7,1
44,3,3,3
44,1,1,1
44,5,5,5
44,5,5,5
44,5,4,5
44,6,6,6
44,4,4,4
44,5,5,5
44,2,2,2
44,4,4,4
44,8,8,5
44,1,1,6
44,7,7,7
44,1,1,1
44,1,1,1
44,5,5,8
44,1,1,1
44,5,5,5
44,8,8,5
44,6,6,6
44,8,8,8
44,4,4,6
44,5,5,5
44,6,6,4
44,7,6,7
44,5,5,5
44,3,3,3
44,2,2,2
44,1,1,2
44,1,1,1
44,7,7,7
44,8,8,5
44,1,1,1
44,1,1,7
44,1,1,7
44,3,3,3
44,3,3,7
44,1,1,1
44,4,4,4
44,8,8,8
44,5,5,5
44,6,6,6
44,5,5,5
44,8,8,8
44,6,6,6
44,7,7,7
44,1,1,2
44,3,3,3
44,7,7,7
44,6,6,6
44,2,2,2
44,8,8,4
44,2,1,1
44,3,3,7
44,7,6,7
44,4,3,4
44,1,1,7
44,5,5,5
44,4,4,1
44,8,8,8
44,2,2,2
44,1,1,2
44,1,1,1
44,2,2,2
44,1,1,2
44,4,4,4
44,7,7,7
44,6,6,6
44,6,6,6
44,2,2,2
44,4,4,6
44,1,1,7
44,1,1,7
44,7,7,2
44,8,8,8
44,4,5,4
44,6,6,6
44,7,2,7
44,2,2,2
44,7,7,7
44,6,6,4
44,1,6,1
44,6,6,6
44,4,4,4
44,4,4,4
44,2,2,2
44,5,5,5
44,5,5,5
44,2,2,7
44,6,6,6
44,1,1,1
44,8,8,8
44,8,8,8
44,3,3,3
44,3,3,3
44,7,7,2
44,3,3,3
44,4,3,4
44,5,5,5
44,5,5,5
44,2,2,2
44,8,8,8
44,4,3,6
44,4,4,8
44,5,5,5
44,1,1,1
44,3,3,3
44,1,1,3
44,8,8,8
44,4,3,4
44,4,3,4
44,3,3,3
44,7,6,3
44,5,5,5
44,8,8,8
44,1,1,4
44,6,3,7
44,4,4,4
44,7,7,7
44,8,8,4
44,3,3,3
44,5,5,5
44,1,1,8
44,6,6,6
44,7,7,7
44,4,4,8
44,1,1,1
44,1,1,7
44,8,8,8
44,1,1,1
44,5,5,8
44,8,8,8
44,5,5,5
44,1,1,1
44,5,5,5
44,1,1,7
44,7,7,7
44,5,5,5
44,8,8,8
44,7,7,7
44,5,5,4
44,3,3,3
44,3,3,8
44,4,4,8
44,7,7,7
44,2,2,2
44,3,3,3
44,1,1,1
44,6,5,6
44,6,6,6
44,7,7,7
44,8,8,8
44,4,4,4
44,1,1,1
44,2,2,2
44,8,8,8
44,6,6,6
44,5,5,5
44,8,8,8
44,3,3,3
44,6,6,6
44,6,6,4
44,2,2,2
44,1,1,1
44,4,4,4
44,8,8,8
44,3,3,3
44,3,3,3
44,1,1,1
44,6,6,4
44,6,6,6
44,6,6,6
44,7,7,7
44,2,2,2
44,8,8,8
44,6,6,6
44,3,3,3
44,3,3,2
44,4,4,4
44,2,2,2
44,4,4,4
44,2,2,2
44,3,3,7
44,1,1,8
44,3,3,2
44,7,7,7
44,3,3,3
44,8,8,8
44,2,2,2
44,4,4,4
44,4,4,8
44,7,6,3
44,3,3,7
44,4,5,6
44,8,8,8
44,1,1,1
44,6,6,6
44,4,4,6
44,6,6,6
44,1,1,1
44,7,2,2
44,2,2,2
44,3,3,3
44,1,1,1
44,3,3,3
44,6,6,6
44,4,4,4
44,3,3,3
44,2,2,2
44,2,2,2
44,1,1,4
44,2,2,2
44,5,5,5
44,4,4,4
44,7,7,7
44,2,2,2
44,5,5,5
44,2,2,2
44,5,5,5
44,5,5,5
44,1,1,1
44,2,2,2
44,5,5,5
44,6,3,6
44,4,4,4
44,3,3,3
44,2,2,4
44,7,6,7
44,6,6,6
44,2,2,2
44,8,8,8
44,6,6,6
44,1,1,7
44,6,6,6
44,4,4,4
44,5,5,5
44,5,5,5
44,3,3,3
44,8,8,8
44,8,8,8
44,2,2,2
44,2,2,2
44,8,8,8
44,2,2,2
44,6,6,6
44,1,1,1
44,4,4,4
44,1,1,2
44,5,5,4
44,8,8,8
47,8,8,5
47,1,7,7
47,1,1,1
47,2,2,2
47,8,8,4
47,1,7,1
47,8,8,8
47,1,1,1
47,2,2,2
47,4,7,4
47,8,8,8
47,3,8,3
47,1,1,1
47,5,5,5
47,7,7,7
47,1,7,7
47,6,6,6
47,4,4,4
47,8,8,8
47,5,5,5
47,7,7,7
47,7,7,7
47,5,3,8
47,7,7,7
47,5,5,4
47,8,8,8
47,3,2,7
47,5,5,5
47,4,4,4
47,7,2,7
47,1,7,3
47,7,2,7
47,8,8,8
47,4,4,4
47,4,4,4
47,2,7,1
47,4,8,4
47,3,3,2
47,2,2,2
47,5,4,5
47,5,5,8
47,4,4,4
47,5,5,5
47,7,7,7
47,3,3,3
47,4,3,4
47,8,8,1
47,3,3,3
47,1,1,1
47,2,2,2
47,7,7,7
47,2,2,2
47,5,5,5
47,6,5,6
47,5,5,5
47,4,4,4
47,8,8,8
47,5,5,5
47,1,1,1
47,1,7,1
47,5,5,5
47,8,8,4
47,8,8,8
47,6,6,6
47,2,2,2
47,1,1,1
47,5,5,5
47,8,3,5
47,2,7,7
47,5,5,5
47,7,7,7
47,7,7,7
47,6,6,1
47,4,4,6
47,3,3,3
47,2,7,1
47,6,6,6
47,4,4,4
47,4,4,4
47,2,2,2
47,3,3,3
47,1,7,1
47,6,6,4
47,2,2,2
47,7,7,7
47,5,5,5
47,1,1,6
47,2,2,2
47,8,8,8
47,7,7,7
47,3,3,3
47,4,4,4
47,7,2,2
47,6,6,6
47,2,2,2
47,4,4,4
47,2,2,2
47,7,7,7
47,2,2,2
47,7,2,7
47,1,1,1
47,6,6,6
47,8,8,6
47,8,8,8
47,7,1,8
47,1,1,1
47,1,7,1
47,5,5,5
47,2,2,2
47,7,7,7
47,7,7,2
47,1,7,1
47,2,2,2
47,5,5,5
47,5,5,5
47,2,2,6
47,2,2,2
47,2,2,2
47,5,5,5
47,8,8,8
47,6,6,6
47,5,6,5
47,5,5,5
47,5,5,5
47,7,7,7
47,5,5,5
47,8,8,8
47,2,2,2
47,1,7,7
47,4,7,4
47,4,8,4
47,8,7,8
47,7,7,7
47,6,6,6
47,2,2,2
47,2,2,2
47,8,7,1
47,3,3,7
47,4,4,8
47,3,3,3
47,1,7,1
47,8,8,6
47,4,4,4
47,1,7,1
47,8,7,1
47,4,4,4
47,3,3,7
47,5,5,5
47,2,2,2
47,1,7,7
47,7,2,6
47,6,6,6
47,8,6,6
47,1,7,1
47,8,3,8
47,3,3,3
47,3,3,3
47,2,7,6
47,4,2,4
47,3,3,3
47,2,2,2
47,3,2,7
47,5,5,5
47,1,7,2
47,7,7,7
47,3,3,7
47,3,3,3
47,8,8,8
47,8,8,2
47,6,6,6
47,3,3,3
47,2,2,2
47,5,5,5
47,2,2,2
47,6,4,2
47,3,3,2
47,1,1,1
47,6,6,4
47,5,5,5
47,3,3,3
47,7,7,7
47,7,7,7
47,2,7,7
47,2,2,2
47,2,2,2
47,2,2,2
47,6,6,6
47,4,4,8
47,5,5,5
47,6,6,6
47,7,7,1
47,5,5,5
47,2,2,3
47,4,7,4
47,4,7,4
47,4,4,4
47,4,4,4
47,4,4,4
47,2,2,2
47,8,7,8
47,7,7,7
47,4,4,4
47,8,8,8
47,2,2,2
47,3,3,3
47,1,7,1
47,3,3,2
47,7,7,7
47,6,4,6
47,8,6,4
47,6,6,6
47,2,2,3
47,3,3,3
47,7,7,7
47,8,8,8
47,7,7,2
47,1,1,1
47,2,2,2
47,4,4,4
47,6,6,6
47,3,3,7
47,8,8,8
47,7,7,7
47,7,7,7
47,1,1,1
47,1,7,1
47,7,7,3
47,6,4,2
47,8,8,8
47,6,6,6
47,8,8,8
47,2,2,2
47,5,5,5
47,3,3,2
47,4,4,7
47,8,8,8
47,1,1,1
47,7,2,4
47,1,7,7
47,1,7,4
47,5,5,5
47,2,7,1
47,5,5,5
47,3,3,3
47,1,7,7
47,1,1,1
47,4,4,4
47,2,2,2
47,7,1,7
47,2,2,2
47,4,7,4
47,7,7,2
47,1,1,1
47,7,7,7
47,4,4,4
47,1,7,1
47,5,3,8
47,3,2,7
47,8,8,8
47,2,2,2
47,3,3,3
47,7,2,7
47,5,5,8
47,8,8,8
47,2,2,2
47,8,8,1
47,5,5,5
47,2,2,2
47,4,4,4
47,4,4,4
47,4,4,4
47,6,6,6
47,8,8,4
47,3,3,3
47,1,7,7
47,4,4,4
47,2,2,2
47,8,8,8
47,4,4,4
47,8,8,3
47,3,3,3
47,3,3,3
47,4,4,4
47,7,7,7
47,4,7,4
47,5,5,5
47,7,7,7
47,4,4,4
47,6,6,6
47,8,8,5
47,5,5,5
47,2,2,2
47,5,5,5
47,3,3,3
47,4,7,4
47,8,8,8
47,8,8,8
47,4,4,4
47,5,5,5
47,3,3,3
47,5,5,5
47,7,7,7
47,4,4,4
47,1,1,1
47,1,7,8
47,7,7,8
47,1,7,1
47,6,6,6
47,4,4,4
47,8,8,8
47,1,1,1
47,2,2,2
47,7,7,7
47,2,2,2
47,1,1,8
47,5,5,3
47,4,4,4
47,6,6,6
47,4,4,4
47,7,7,7
47,4,4,4
47,2,2,2
47,2,2,2
47,6,6,6
47,7,7,3
47,7,7,7
47,5,5,5
47,7,1,7
47,2,7,1
47,8,8,8
47,5,4,5
47,8,8,8
47,3,3,3
47,8,8,8
47,3,3,3
47,8,8,3
47,4,4,6
47,7,7,7
47,5,5,5
47,8,8,8
47,7,7,7
47,7,2,7
47,4,4,4
47,3,3,3
47,8,8,8
47,2,2,2
47,5,5,5
47,2,2,2
47,2,2,2
47,6,6,6
47,7,7,7
47,2,2,2
47,6,6,6
47,5,5,5
47,8,7,4
47,7,1,7
47,6,6,7
47,3,3,3
47,8,8,8
47,1,1,1
47,3,3,2
47,6,6,4
47,3,3,3
47,5,5,5
47,8,8,2
47,1,7,7
47,1,7,1
47,8,8,8
47,5,5,5
47,2,2,2
47,1,1,1
47,2,2,2
47,1,7,1
47,1,7,1
47,5,5,5
47,2,2,2
47,2,2,2
47,3,3,3
5,8,8,8
5,7,7,7
5,1,7,1
5,6,6,6
5,4,4,4
5,2,2,2
5,4,7,4
5,4,4,4
5,4,7,4
5,2,2,7
5,2,2,2
5,5,5,5
5,4,3,4
5,7,7,7
5,3,3,3
5,1,1,1
5,5,6,3
5,6,6,6
5,8,8,8
5,6,6,2
5,2,2,2
5,1,1,1
5,7,3,7
5,7,2,7
5,3,3,3
5,2,2,2
5,6,6,6
5,3,3,3
5,2,2,1
5,8,8,8
5,8,4,4
5,7,7,7
5,4,7,4
5,3,3,3
5,4,4,4
5,3,3,3
5,1,7,2
5,4,4,8
5,3,3,3
5,6,6,6
5,5,5,5
5,1,7,1
5,5,4,5
5,8,8,5
5,1,1,8
5,4,4,4
5,1,7,2
5,1,7,8
5,4,4,8
5,3,3,7
5,8,8,8
5,1,1,1
5,6,6,4
5,5,6,8
5,8,8,8
5,6,6,6
5,1,6,1
5,3,3,3
5,6,6,4
5,5,8,5
5,8,8,8
5,7,8,7
5,5,5,5
5,4,4,4
5,2,2,2
5,3,3,3
5,1,6,1
5,4,3,4
5,7,7,2
5,3,3,3
5,8,8,8
5,1,1,8
5,5,5,5
5,7,7,7
5,5,4,5
5,2,2,2
5,2,2,2
5,6,6,6
5,2,2,2
5,4,7,4
5,1,7,1
5,8,4,8
5,6,4,6
5,1,7,1
5,3,3,3
5,6,6,6
5,1,7,1
5,5,4,5
5,4,4,4
5,2,2,2
5,2,2,2
5,7,7,7
5,3,3,2
5,3,3,3
5,8,8,8
5,5,3,7
5,4,4,6
5,3,3,3
5,3,3,3
5,6,6,7
5,5,6,5
5,4,4,4
5,8,5,1
5,3,2,3
5,6,6,6
5,6,6,4
5,2,2,2
5,8,4,5
5,5,7,5
5,3,3,3
5,6,6,6
5,4,4,4
5,8,8,1
5,4,4,4
5,1,7,1
5,2,2,2
5,7,6,3
5,7,8,7
5,5,5,5
5,1,7,1
5,6,6,6
5,8,7,5
5,6,7,7
5,2,2,2
5,8,8,5
5,7,6,8
5,3,1,2
5,2,2,2
5,6,5,6
5,3,3,3
5,6,6,6
5,1,2,1
5,6,5,8
5,5,5,5
5,2,7,1
5,4,1,4
5,1,7,1
5,6,4,6
5,7,2,7
5,7,7,7
5,5,3,5
5,3,3,3
5,4,4,8
5,4,4,4
5,8,8,8
5,3,3,1
5,7,7,4
5,1,6,1
5,8,8,8
5,2,2,2
5,4,7,4
5,7,7,1
5,8,8,8
5,6,6,6
5,7,7,7
5,7,7,3
5,3,3,3
5,2,2,2
5,5,5,5
5,8,8,8
5,6,6,4
5,5,5,5
5,8,4,4
5,1,2,7
5,8,8,8
5,3,2,7
5,7,7,3
5,3,3,3
5,8,5,8
5,3,3,3
5,1,1,1
5,6,7,8
5,1,1,1
5,3,3,3
5,4,4,4
5,1,7,7
5,3,3,3
5,1,7,1
5,8,4,8
5,6,6,6
5,5,8,8
5,3,3,2
5,8,8,8
5,1,7,7
5,3,8,7
5,1,2,1
5,4,4,4
5,1,7,1
5,7,7,7
5,5,5,5
5,3,3,3
5,1,7,1
5,8,7,6
5,6,6,6
5,7,8,7
5,6,6,6
5,5,5,5
5,1,7,8
5,2,2,2
5,5,5,6
5,2,7,2
5,4,4,4
5,3,2,3
5,1,7,1
5,3,3,3
5,6,6,1
5,6,6,6
5,4,4,4
5,8,8,8
5,5,5,5
5,1,7,1
5,5,6,5
5,3,3,7
5,3,2,3
5,4,4,4
5,5,7,5
5,1,1,1
5,4,3,4
5,2,2,2
5,6,8,6
5,5,3,4
5,7,6,7
5,5,6,5
5,4,4,4
5,7,7,7
5,6,6,6
5,2,2,2
5,8,8,4
5,1,7,1
5,6,6,4
5,5,5,5
5,3,3,3
5,6,5,6
5,8,8,8
5,1,1,1
5,3,3,3
5,5,5,5
5,4,4,4
5,2,2,2
5,7,2,2
5,6,6,6
5,1,1,1
5,3,3,3
5,4,1,2
5,4,4,4
5,8,8,8
5,5,5,5
5,5,5,5
5,4,4,4
5,4,4,4
5,7,2,7
5,1,2,1
5,4,1,4
5,2,2,4
5,7,2,7
5,1,1,1
5,7,7,7
5,5,8,1
5,3,8,7
5,8,8,8
5,3,3,3
5,8,6,6
5,1,7,8
5,3,3,3
5,3,3,3
5,7,7,3
5,4,4,4
5,8,8,4
5,4,7,4
5,6,8,6
5,4,4,4
5,4,4,7
5,4,7,4
5,6,6,4
5,6,6,6
5,2,2,6
5,3,3,3
5,7,7,7
5,5,5,5
5,4,4,4
5,2,2,1
5,6,6,6
5,2,7,8
5,1,7,1
5,4,4,4
5,7,7,3
5,7,7,7
5,2,2,2
5,3,3,7
5,2,2,2
5,2,2,2
5,8,8,8
5,3,6,7
5,6,6,4
5,4,4,4
5,5,5,5
5,2,2,2
5,5,5,5
5,5,5,5
5,7,7,7
5,6,6,4
5,7,7,7
5,1,8,1
5,2,2,2
5,5,6,5
5,3,3,3
5,5,5,5
5,2,2,2
5,5,5,5
5,3,2,3
5,5,6,5
5,2,2,2
5,4,1,5
5,4,1,5
5,2,2,2
5,4,7,4
5,7,7,2
5,3,2,3
5,8,8,8
5,8,8,5
5,5,5,3
5,7,7,2
5,1,1,1
5,7,7,7
5,7,2,7
5,4,7,4
5,8,8,8
5,4,3,4
5,5,5,5
5,4,3,4
5,5,5,5
5,6,6,6
5,6,6,6
5,4,4,4
5,7,2,7
5,8,8,8
5,7,7,2
5,4,4,4
5,3,3,8
5,1,7,1
5,2,2,2
5,5,8,8
5,2,2,2
5,4,4,4
5,6,6,4
5,7,6,5
5,8,8,8
5,2,2,2
5,1,1,1
5,5,5,5
5,1,1,1
5,2,2,2
5,2,2,2
5,2,2,2
5,1,1,1
5,7,2,7
5,4,3,4
5,3,2,3
5,6,7,1
5,6,6,1
5,1,7,2
5,1,1,1
5,4,4,4
5,1,1,1
5,4,4,4
5,7,6,1
5,2,2,2
5,5,5,5
5,4,7,4
5,4,4,4
5,2,2,2
5,4,4,4
5,3,2,3
5,4,4,4
5,3,2,7
5,8,8,8
5,3,1,3
5,7,2,7
5,8,7,8
5,2,2,2
5,3,3,3
5,4,6,4
5,4,1,5
5,7,2,7
5,3,3,3
5,1,7,1
5,6,6,4
5,4,3,4
5,5,1,5
5,6,6,6
5,3,3,3
5,8,8,8
5,7,2,7
5,1,7,7
5,4,7,4
5,4,7,4
5,5,5,5
5,1,3,1
5,3,3,3
5,6,6,4
5,8,8,4
5,8,8,8
5,8,8,8
5,8,8,8
5,1,2,7
5,7,7,7
5,5,6,5
5,6,8,6
5,7,6,3
5,2,2,1
5,2,7,7
5,3,3,3
5,1,1,1
49,2,2,4
49,1,1,1
49,6,6,6
49,7,7,2
49,4,4,1
49,7,8,7
49,2,3,2
49,3,2,3
49,7,7,7
49,5,5,5
49,3,3,3
49,6,6,6
49,7,2,7
49,4,5,4
49,3,3,3
49,4,8,4
49,5,5,5
49,4,4,1
49,3,3,2
49,1,8,8
49,3,3,3
49,2,2,2
49,8,8,4
49,1,1,1
49,4,4,4
49,5,4,8
49,8,8,4
49,7,8,7
49,3,3,3
49,1,1,1
49,8,8,8
49,7,7,3
49,1,1,7
49,4,8,8
49,7,7,7
49,2,2,2
49,3,3,1
49,2,2,8
49,7,8,7
49,3,3,3
49,5,5,8
49,5,5,5
49,3,3,7
49,3,3,3
49,6,6,6
49,8,8,8
49,7,7,4
49,5,5,8
49,7,8,7
49,7,7,1
49,7,6,5
49,1,8,1
49,6,6,4
49,5,5,5
49,8,8,8
49,7,7,7
49,3,3,3
49,6,6,6
49,7,7,7
49,5,5,5
49,6,6,6
49,3,3,3
49,1,1,1
49,5,5,5
49,4,4,4
49,1,1,8
49,2,2,2
49,8,8,8
49,4,8,4
49,2,2,2
49,8,8,1
49,6,6,6
49,5,5,6
49,2,7,1
49,2,2,1
49,1,1,6
49,3,3,3
49,6,6,6
49,1,1,1
49,8,8,8
49,5,6,5
49,1,6,2
49,7,7,7
49,6,6,6
49,8,8,3
49,2,2,2
49,4,4,1
49,3,8,8
49,1,8,7
49,1,8,1
49,3,3,3
49,7,8,7
49,5,5,6
49,1,1,2
49,2,2,2
49,1,1,1
49,7,7,7
49,2,3,2
49,3,2,3
49,3,3,5
49,4,4,4
49,8,8,8
49,6,6,6
49,2,2,2
49,8,8,8
49,6,6,6
49,1,8,1
49,2,2,2
49,8,8,8
49,7,7,7
49,7,7,7
49,4,4,4
49,4,4,4
49,3,3,3
49,1,1,1
49,3,2,3
49,5,5,5
49,3,8,8
49,5,5,5
49,8,7,8
49,7,8,7
49,7,7,7
49,3,3,6
49,4,4,4
49,8,8,8
49,7,8,7
49,5,8,5
49,7,8,7
49,8,8,8
49,7,8,7
49,2,2,2
49,2,2,2
49,5,6,5
49,1,6,1
49,3,3,3
49,1,1,1
49,1,8,1
49,5,5,5
49,6,6,6
49,8,8,8
49,4,4,4
49,1,1,1
49,3,3,3
49,2,2,2
49,4,5,6
49,2,2,2
49,3,3,3
49,6,6,6
49,8,8,4
49,3,3,3
49,7,7,7
49,2,2,1
49,7,7,3
49,5,5,5
49,2,2,2
49,4,4,4
49,3,3,3
49,5,6,5
49,5,5,8
49,5,5,5
49,6,6,6
49,6,6,6
49,8,8,8
49,1,1,1
49,5,5,5
49,3,3,3
49,7,7,3
49,5,5,3
49,7,7,7
49,1,1,8
49,7,7,1
49,3,3,3
49,2,2,2
49,5,5,5
49,6,6,6
49,1,7,1
49,4,5,4
49,1,1,2
49,4,4,4
49,6,6,1
49,1,1,2
49,5,5,5
49,5,5,5
49,4,4,4
49,6,6,6
49,5,5,8
49,1,8,1
49,7,7,7
49,3,8,7
49,6,6,6
49,6,6,6
49,1,1,8
49,4,4,4
49,8,8,4
49,6,6,6
49,4,4,4
49,8,8,8
49,6,6,6
49,2,2,2
49,2,2,2
49,3,2,3
49,2,7,1
49,6,6,6
49,4,4,7
49,2,2,2
49,2,2,2
49,3,3,3
49,4,4,4
49,8,8,8
49,8,8,2
49,7,7,7
49,1,1,1
49,1,8,7
49,5,5,5
49,1,1,1
49,8,8,8
49,3,3,2
49,3,8,8
49,4,4,4
49,5,5,6
49,2,2,1
49,7,7,2
49,2,2,2
49,4,6,4
49,4,8,8
49,8,8,4
49,3,3,3
49,6,6,6
49,5,5,4
49,8,8,8
49,6,6,4
49,7,7,7
49,8,8,8
49,5,5,5
49,3,3,3
49,1,8,1
49,7,8,7
49,8,8,8
49,4,4,4
49,5,5,5
49,7,7,7
49,3,3,2
49,8,8,8
49,1,1,1
49,4,4,4
49,2,2,2
49,8,8,8
49,8,7,8
49,1,8,1
49,6,6,6
49,7,7,3
49,4,4,4
49,8,8,8
49,8,8,8
49,4,4,4
49,3,2,3
49,8,8,8
49,7,7,7
49,3,3,7
49,3,2,3
49,6,6,6
49,5,5,6
49,5,5,5
49,2,2,2
49,8,8,8
49,7,8,7
49,2,2,2
49,6,6,6
49,6,6,6
49,8,8,8
49,7,2,7
49,5,5,5
49,1,8,7
49,5,5,5
49,5,5,5
49,6,7,1
49,7,7,1
49,3,3,8
49,4,4,4
49,5,5,5
49,7,7,7
49,6,6,6
49,3,2,7
49,1,1,1
49,1,8,2
49,7,6,7
49,7,8,7
49,7,7,7
49,6,6,4
49,8,8,8
49,2,2,2
49,4,4,4
49,2,2,2
49,1,8,1
49,2,2,2
49,5,5,5
49,5,5,6
49,8,8,8
49,2,2,3
49,3,3,3
49,1,4,1
49,7,7,7
49,1,8,1
49,2,3,2
49,8,8,8
49,6,6,6
49,6,5,6
49,2,2,2
49,2,2,2
49,6,6,6
49,4,8,4
49,5,6,4
49,2,2,2
49,1,1,2
49,2,2,2
49,3,3,3
49,8,8,8
49,4,5,6
49,7,7,4
49,3,3,3
49,8,8,1
49,2,2,2
49,7,7,3
49,8,7,8
49,7,8,7
49,5,5,5
49,5,5,5
49,4,5,4
49,1,1,1
49,3,8,8
49,2,8,1
49,6,6,6
49,6,6,6
49,5,6,5
49,5,5,5
49,6,6,6
49,6,6,6
49,6,6,6
49,3,3,3
49,7,8,7
49,1,1,1
49,1,1,1
49,5,5,5
49,8,8,8
49,1,8,1
49,7,7,3
49,7,7,8
49,8,8,4
49,5,5,5
49,5,5,5
49,2,2,2
49,8,8,1
49,6,6,6
49,6,6,6
49,7,7,7
49,8,8,4
49,7,8,7
49,7,8,7
49,6,6,6
49,3,3,6
49,7,7,7
49,8,8,1
49,5,5,4
49,3,3,3
49,6,6,6
49,8,8,8
49,8,8,8
49,3,3,3
49,7,7,3
49,1,8,1
49,2,7,7
49,2,2,1
49,6,6,6
49,8,8,8
49,1,8,1
49,5,6,5
49,3,3,1
49,5,5,8
49,7,7,7
49,5,5,5
49,2,2,2
49,1,8,1
49,7,7,3
49,5,5,5
49,7,2,2
49,8,7,8
49,1,1,1
49,7,8,7
49,2,2,2
49,3,3,7
49,7,7,7
49,7,8,3
49,8,8,8
49,6,6,6
49,2,8,2
49,3,2,8
49,4,4,4
49,3,3,3
49,2,3,2
49,8,8,8
49,4,5,4
49,7,7,7
49,3,4,3
49,3,4,3
49,6,6,6
49,7,7,7
49,6,6,6
49,1,1,1
49,4,5,4
49,3,3,3
49,4,4,4
49,3,3,3
49,2,2,2
49,8,1,1
49,1,4,1
49,8,8,8
49,8,8,8
49,8,8,8
49,4,4,4
49,7,7,2
49,1,1,1
49,7,7,3
49,2,2,2
49,3,3,3
49,2,2,2
49,5,5,5
49,7,7,4
49,3,3,3
49,8,8,8
49,3,3,3
49,4,4,4
49,4,5,4
49,7,8,7
49,1,8,7
49,1,6,1
49,3,3,3
49,3,3,3
49,1,8,4
49,4,5,4
49,7,7,7
49,6,6,6
49,5,5,5
49,4,5,4
49,4,4,4
49,7,7,7
49,2,2,2
49,5,5,5
49,2,2,2
49,4,8,5
49,8,8,8
49,5,5,5
49,5,5,3
49,2,2,2
49,3,3,3
49,4,4,4
49,3,3,2
49,6,6,6
49,1,1,1
49,3,3,3
49,5,6,5
49,6,6,6
49,6,7,6
49,3,3,3
49,5,5,5
49,7,7,7
49,2,2,1
49,1,1,1
49,7,7,2
49,5,4,6
49,8,8,8
49,8,8,8
49,2,2,2
49,3,3,3
25,7,7,7
25,5,5,5
25,2,7,2
25,7,7,3
25,6,6,6
25,6,6,6
25,5,5,5
25,4,4,4
25,6,6,6
25,7,7,4
25,8,8,8
25,2,2,2
25,5,6,5
25,2,2,2
25,8,8,1
25,3,3,3
25,4,7,4
25,6,6,4
25,8,8,8
25,8,8,8
25,6,6,6
25,1,7,7
25,4,4,4
25,7,7,7
25,4,7,4
25,5,5,5
25,7,7,7
25,7,7,7
25,4,7,4
25,7,7,7
25,3,3,3
25,5,5,5
25,8,8,8
25,1,7,7
25,5,5,5
25,5,5,5
25,3,3,7
25,4,3,4
25,7,7,7
25,4,4,4
25,6,7,4
25,8,8,4
25,2,7,2
25,6,6,6
25,4,7,4
25,5,5,5
25,6,5,6
25,3,3,3
25,6,6,6
25,3,2,3
25,5,8,6
25,8,8,1
25,5,5,4
25,1,7,7
25,2,2,2
25,4,4,4
25,1,7,1
25,8,8,8
25,7,7,7
25,2,5,2
25,4,7,7
25,3,2,3
25,7,7,7
25,1,7,7
25,5,5,5
25,3,3,2
25,5,5,8
25,7,7,7
25,6,6,6
25,7,7,7
25,1,1,7
25,1,1,1
25,1,7,7
25,3,3,3
25,6,6,6
25,4,4,4
25,3,3,3
25,2,2,2
25,2,2,2
25,6,6,6
25,3,3,3
25,2,2,2
25,6,6,6
25,7,7,7
25,6,6,5
25,5,5,6
25,7,7,6
25,3,2,2
25,3,3,7
25,6,6,2
25,5,5,5
25,7,7,7
25,3,3,2
25,7,7,7
25,1,7,7
25,7,7,7
25,2,2,2
25,8,8,8
25,5,5,5
25,1,7,1
25,3,3,3
25,6,6,4
25,7,7,7
25,6,6,6
25,5,5,5
25,5,3,5
25,1,7,1
25,8,8,8
25,3,3,3
25,2,3,2
25,3,3,3
25,4,3,1
25,2,2,2
25,5,5,5
25,1,1,6
25,4,3,4
25,7,7,7
25,4,1,4
25,3,3,3
25,6,6,4
25,6,6,1
25,6,6,6
25,7,7,7
25,4,4,4
25,3,3,2
25,2,2,2
25,1,1,1
25,5,5,5
25,2,2,2
25,3,3,3
25,3,3,3
25,6,6,6
25,5,5,5
25,1,7,8
25,2,2,2
25,1,1,1
25,3,3,7
25,6,6,6
25,1,7,2
25,5,5,5
25,2,2,6
25,2,2,2
25,2,2,7
25,4,4,6
25,2,2,2
25,8,8,8
25,4,4,4
25,2,2,7
25,5,5,5
25,5,6,6
25,4,3,6
25,4,4,5
25,8,8,8
25,4,7,4
25,4,4,4
25,3,3,3
25,1,7,1
25,5,5,5
25,8,8,8
25,8,8,8
25,4,8,4
25,5,5,6
25,5,5,5
25,8,8,4
25,1,7,8
25,7,7,7
25,6,6,6
25,6,6,6
25,5,5,8
25,5,5,8
25,3,3,3
25,6,6,6
25,5,6,5
25,5,5,5
25,4,8,4
25,4,4,4
25,1,7,1
25,6,6,6
25,7,7,7
25,5,5,5
25,7,7,7
25,2,5,2
25,5,5,5
25,3,3,3
25,1,7,7
25,1,7,1
25,8,8,8
25,1,7,8
25,8,8,8
25,1,7,2
25,2,2,2
25,6,6,6
25,7,8,7
25,5,6,5
25,7,7,7
25,4,4,4
25,7,7,3
25,3,3,7
25,3,3,3
25,2,2,2
25,8,8,8
25,8,8,4
25,5,5,5
25,4,4,4
25,4,7,4
25,7,7,3
25,8,8,8
25,1,1,7
25,7,7,7
25,8,8,8
25,1,1,1
25,8,8,8
25,1,7,7
25,2,2,2
25,4,7,8
25,3,3,3
25,8,8,8
25,1,1,8
25,3,3,3
25,5,3,5
25,2,2,2
25,3,3,2
25,3,3,3
25,4,4,4
25,8,8,8
25,8,8,4
25,4,4,4
25,8,8,8
25,8,8,8
25,7,7,7
25,8,8,8
25,3,3,3
25,3,2,5
25,8,8,7
25,7,7,7
25,4,7,4
25,5,5,5
25,1,7,7
25,4,8,4
25,2,2,2
25,1,7,1
25,1,7,4
25,6,6,8
25,5,6,5
25,6,6,6
25,2,2,2
25,7,2,2
25,4,8,1
25,5,5,5
25,2,2,2
25,7,7,7
25,8,8,8
25,5,5,8
25,2,2,8
25,7,7,3
25,6,6,6
25,5,5,5
25,1,7,1
25,8,8,6
25,5,5,5
25,3,3,7
25,8,8,8
25,6,6,6
25,5,5,5
25,1,1,7
25,3,3,3
25,5,5,5
25,1,1,1
25,5,5,5
25,2,3,2
25,7,7,7
25,4,3,4
25,7,7,7
25,7,7,7
25,3,3,3
25,2,2,2
25,8,8,8
25,3,3,3
25,8,8,8
25,8,8,4
25,8,8,8
25,5,5,5
25,1,7,1
25,2,2,2
25,8,8,8
25,1,1,1
25,3,3,3
25,2,2,2
25,5,5,5
25,6,6,6
25,6,6,5
25,1,7,1
25,5,5,5
25,6,6,6
25,1,1,1
25,6,6,8
25,1,7,1
25,8,8,8
25,2,2,2
25,2,2,2
25,6,6,6
25,7,7,7
25,7,7,3
25,5,5,5
25,8,7,8
25,2,2,2
25,5,5,5
25,4,7,6
25,6,6,6
25,1,7,1
25,1,7,7
25,3,3,3
25,8,8,8
25,8,8,8
25,8,8,8
25,7,7,4
25,3,3,3
25,3,3,3
25,2,2,2
25,2,2,2
25,8,8,8
25,7,7,7
25,1,7,1
25,8,8,8
25,6,6,6
25,4,7,3
25,2,3,2
25,5,3,8
25,3,2,3
25,8,8,4
25,2,2,7
25,3,3,3
25,1,1,1
25,1,7,1
25,3,3,3
25,5,5,5
25,5,5,5
25,3,3,3
25,1,1,1
25,8,8,3
25,2,2,2
25,6,6,6
25,2,2,2
25,3,3,3
25,7,7,7
25,3,3,3
25,4,7,4
25,8,8,4
25,3,2,2
25,4,7,4
25,8,8,8
25,8,8,8
25,6,5,6
25,4,4,4
25,1,7,8
25,5,5,5
25,5,5,6
25,5,6,5
25,4,3,4
25,2,2,2
25,5,6,5
25,3,3,3
25,7,7,7
25,2,2,2
25,6,6,6
25,1,7,7
25,3,3,8
25,7,7,7
25,8,8,8
25,8,8,8
25,8,8,8
25,3,3,3
25,1,1,1
25,1,7,7
25,3,3,8
25,6,6,4
25,6,6,6
25,6,6,7
25,7,7,3
25,4,3,6
25,4,4,4
25,1,1,1
25,2,2,2
25,1,1,1
25,1,7,1
25,1,7,2
25,6,6,4
25,6,6,6
25,5,5,3
25,1,7,4
25,6,6,6
25,5,5,5
25,6,6,6
25,7,7,7
25,2,2,2
25,8,8,8
25,8,8,8
25,8,8,8
25,7,7,7
25,8,8,4
25,1,7,7
25,6,6,4
25,3,3,3
25,3,3,3
25,2,2,2
25,2,2,2
25,5,5,5
25,8,8,4
25,1,1,1
25,1,7,1
25,7,7,7
25,5,6,5
25,6,6,4
25,7,7,7
25,4,4,4
25,4,4,4
25,2,5,2
25,2,7,2
25,6,6,6
25,1,1,1
25,5,6,8
25,2,2,2
25,2,2,2
25,5,5,5
25,6,6,8
25,6,6,6
25,1,7,7
25,5,5,5
25,2,2,2
25,5,5,5
25,8,8,8
25,8,8,8
25,3,3,3
25,7,7,7
25,1,7,7
25,8,8,8
25,6,6,4
25,7,7,7
25,2,2,2
25,8,8,8
25,8,8,8
25,5,5,5
25,2,2,2
25,3,3,7
25,6,6,6
25,1,1,1
25,5,5,5
25,5,5,5
25,8,8,8
25,3,3,3
18,5,5,5
18,1,7,7
18,5,5,5
18,5,5,5
18,6,6,4
18,7,7,7
18,2,2,2
18,1,7,7
18,6,6,6
18,1,7,7
18,6,6,6
18,6,6,4
18,8,7,6
18,2,2,2
18,1,1,7
18,6,6,7
18,5,5,5
18,3,3,2
18,8,8,8
18,4,7,4
18,6,6,6
18,2,2,2
18,1,7,7
18,3,3,3
18,4,4,4
18,6,6,6
18,2,2,7
18,6,6,6
18,6,6,6
18,1,7,7
18,4,4,4
18,3,3,8
18,7,2,7
18,3,3,3
18,1,8,7
18,6,6,6
18,3,3,7
18,8,8,8
18,4,4,4
18,5,5,5
18,5,2,6
18,3,3,3
18,6,6,6
18,4,4,7
18,2,2,2
18,2,2,2
18,8,8,8
18,3,3,8
18,2,2,2
18,3,3,3
18,1,1,7
18,1,7,7
18,8,8,8
18,8,8,8
18,7,7,7
18,4,4,4
18,3,3,3
18,4,4,4
18,4,4,4
18,4,7,4
18,6,6,6
18,6,6,6
18,6,6,6
18,5,5,5
18,4,7,4
18,7,7,5
18,1,7,7
18,4,4,4
18,6,6,6
18,1,1,7
18,3,2,7
18,2,2,2
18,3,3,3
18,1,7,7
18,5,3,5
18,4,7,4
18,8,8,8
18,7,7,7
18,3,3,3
18,1,7,7
18,2,2,2
18,7,7,7
18,3,3,3
18,8,8,8
18,7,7,7
18,7,7,2
18,7,7,4
18,2,8,2
18,8,8,7
18,6,6,6
18,1,7,7
18,4,4,4
18,2,2,2
18,8,8,5
18,5,5,5
18,1,7,7
18,1,7,7
18,1,7,7
18,3,7,3
18,4,4,4
18,5,5,5
18,7,7,7
18,1,7,7
18,7,7,7
18,8,8,8
18,1,7,7
18,8,8,8
18,1,7,7
18,5,5,5
18,1,7,7
18,6,6,6
18,7,7,7
18,3,3,8
18,7,7,7
18,1,7,7
18,2,2,2
18,8,8,8
18,5,6,5
18,3,3,3
18,3,3,3
18,8,8,2
18,6,6,6
18,8,8,8
18,3,3,3
18,8,8,8
18,4,7,8
18,4,4,6
18,5,5,5
18,3,3,3
18,6,6,7
18,4,7,7
18,7,7,3
18,3,3,3
18,6,6,6
18,4,7,8
18,8,8,8
18,7,7,7
18,6,6,8
18,3,3,3
18,7,7,7
18,5,2,6
18,1,7,7
18,5,5,5
18,2,2,2
18,8,8,8
18,2,7,7
18,7,7,7
18,2,2,2
18,7,7,7
18,7,7,3
18,6,6,4
18,1,7,7
18,2,2,2
18,3,7,3
18,2,2,2
18,7,2,7
18,2,2,6
18,6,7,7
18,4,4,4
18,2,2,2
18,8,7,8
18,6,6,6
18,3,3,2
18,8,8,8
18,2,2,2
18,8,8,7
18,3,3,3
18,7,2,2
18,5,5,5
18,2,8,2
18,2,2,2
18,4,4,4
18,2,2,2
18,8,8,8
18,2,2,2
18,2,2,2
18,8,8,8
18,6,6,6
18,4,4,4
18,8,8,8
18,4,8,8
18,4,4,4
18,5,5,5
18,4,4,4
18,7,7,7
18,6,6,6
18,1,7,7
18,8,8,8
18,2,3,2
18,7,7,7
18,8,8,8
18,8,8,5
18,2,2,2
18,7,7,7
18,7,7,4
18,4,7,4
18,3,2,3
18,1,1,7
18,1,7,7
18,5,5,5
18,2,2,2
18,1,7,7
18,8,8,7
18,4,4,4
18,8,8,8
18,8,8,8
18,5,5,5
18,8,8,8
18,8,8,8
18,6,7,7
18,6,6,6
18,8,8,7
18,8,8,8
18,8,8,8
18,8,8,8
18,3,3,3
18,2,2,2
18,8,8,4
18,5,5,5
18,4,8,4
18,4,8,4
18,3,3,3
18,6,6,6
18,7,7,7
18,4,4,4
18,5,5,5
18,2,2,2
18,6,6,4
18,8,8,3
18,2,2,2
18,8,8,8
18,2,8,2
18,2,3,2
18,3,2,7
18,2,8,7
18,4,7,4
18,5,5,5
18,4,7,8
18,4,4,7
18,8,8,8
18,4,4,4
18,6,6,4
18,6,6,8
18,4,7,4
18,2,2,2
18,8,8,8
18,7,7,7
18,4,8,5
18,7,7,7
18,8,8,8
18,8,8,8
18,1,7,7
18,1,7,7
18,2,2,2
18,8,8,5
18,8,8,3
18,2,2,2
18,7,7,7
18,7,7,7
18,7,7,3
18,4,4,4
18,7,7,3
18,1,1,7
18,6,6,2
18,2,3,2
18,3,3,3
18,3,3,7
18,6,6,4
18,4,4,4
18,1,8,7
18,5,5,5
18,4,4,4
18,2,2,2
18,8,8,5
18,8,8,8
18,8,8,5
18,4,8,4
18,3,3,3
18,2,2,2
18,3,7,7
18,6,6,8
18,7,7,7
18,1,1,7
18,7,7,7
18,5,5,5
18,6,6,6
18,7,7,3
18,2,2,2
18,4,4,4
18,5,8,5
18,2,2,2
18,5,3,5
18,1,7,7
18,5,5,5
18,6,6,6
18,6,6,6
18,1,1,7
18,3,3,3
18,8,8,8
18,5,5,5
18,8,8,8
18,7,7,3
18,8,8,8
18,8,8,8
18,8,8,8
18,3,7,7
18,1,7,7
18,6,6,6
18,6,6,6
18,3,3,2
18,7,7,7
18,4,7,4
18,4,4,4
18,1,1,7
18,2,8,2
18,7,7,7
18,2,3,2
18,4,4,6
18,1,7,7
18,5,5,5
18,2,2,2
18,1,7,7
18,8,8,7
18,8,8,8
18,2,8,7
18,1,7,2
18,7,7,7
18,1,7,7
18,5,5,5
18,7,7,7
18,3,3,7
18,8,8,5
18,2,2,2
18,8,8,8
18,1,1,7
18,5,5,5
18,8,8,6
18,8,8,7
18,1,7,7
18,7,7,7
18,4,4,4
18,2,2,2
18,3,3,3
18,5,5,5
18,8,8,8
18,5,3,5
18,1,1,7
18,4,4,5
18,1,7,3
18,3,3,7
18,8,8,7
18,2,2,2
18,1,7,7
18,4,4,4
18,4,4,6
18,3,3,3
18,6,6,6
18,2,2,2
18,5,5,5
18,2,2,2
18,7,7,7
18,3,3,3
18,5,5,5
18,1,7,7
18,8,8,7
18,4,7,4
18,3,3,3
18,4,4,4
18,5,5,5
18,5,5,5
18,1,7,7
18,4,4,4
18,3,3,2
18,2,2,2
18,1,7,2
18,3,7,3
18,5,8,5
18,4,4,4
18,1,7,7
18,3,3,3
18,4,7,8
18,7,7,7
18,3,2,3
18,4,7,4
18,1,7,7
18,2,2,2
18,3,3,7
18,8,8,8
18,8,8,8
18,5,5,5
18,4,4,4
18,3,3,3
18,8,8,5
18,3,3,3
18,5,5,5
18,1,1,6
18,4,8,5
18,5,5,5
33,2,2,2
33,8,8,3
33,8,1,1
33,3,8,7
33,4,4,4
33,1,1,1
33,5,5,5
33,2,2,2
33,4,4,4
33,4,4,4
33,1,1,1
33,2,2,2
33,5,5,5
33,8,8,8
33,4,4,4
33,8,8,1
33,6,6,6
33,4,7,4
33,4,6,4
33,2,2,2
33,1,1,1
33,6,6,6
33,2,2,2
33,6,6,4
33,4,4,4
33,4,4,4
33,3,8,5
33,5,5,5
33,4,4,8
33,4,4,4
33,1,4,1
33,8,4,4
33,1,1,7
33,3,3,2
33,4,4,4
33,7,8,6
33,5,5,5
33,8,8,8
33,2,2,2
33,8,8,8
33,7,1,8
33,5,5,5
33,7,7,1
33,2,2,2
33,3,2,3
33,8,8,8
33,6,6,6
33,1,1,7
33,2,2,2
33,5,6,5
33,8,8,8
33,1,1,1
33,8,8,8
33,5,5,5
33,3,8,8
33,6,6,6
33,6,8,8
33,3,3,3
33,5,5,5
33,2,2,1
33,4,4,4
33,8,1,1
33,6,6,6
33,5,5,8
33,1,1,1
33,6,6,6
33,7,7,8
33,4,1,8
33,2,2,2
33,4,4,4
33,8,8,5
33,4,8,4
33,7,7,7
33,7,7,7
33,8,8,8
33,3,3,3
33,8,8,8
33,5,5,5
33,7,7,7
33,7,7,7
33,5,5,5
33,4,4,4
33,7,7,7
33,5,5,5
33,8,8,8
33,3,2,6
33,6,6,6
33,3,3,3
33,5,5,5
33,6,6,1
33,6,6,6
33,7,7,7
33,7,4,7
33,7,7,7
33,1,1,1
33,1,4,7
33,1,1,1
33,3,3,3
33,3,1,3
33,4,8,4
33,3,2,2
33,1,1,7
33,7,7,7
33,7,1,6
33,8,8,8
33,7,7,7
33,7,7,7
33,4,4,4
33,8,1,1
33,8,8,8
33,8,8,8
33,5,5,5
33,2,2,2
33,5,5,5
33,2,2,2
33,2,2,1
33,5,6,5
33,3,3,3
33,4,7,4
33,5,5,5
33,8,8,8
33,7,4,7
33,1,1,1
33,6,6,6
33,1,1,1
33,8,7,8
33,7,7,4
33,3,8,7
33,2,1,1
33,7,7,5
33,4,4,4
33,4,4,4
33,7,7,2
33,1,1,1
33,8,8,8
33,3,3,3
33,8,8,8
33,5,5,5
33,2,2,2
33,2,2,2
33,3,3,3
33,1,1,1
33,6,6,6
33,4,4,4
33,1,1,8
33,8,8,8
33,5,5,5
33,6,6,6
33,5,5,5
33,7,8,6
33,2,2,2
33,7,7,7
33,6,6,6
33,1,1,7
33,1,1,1
33,4,4,4
33,7,2,2
33,7,7,2
33,6,6,4
33,4,6,6
33,7,1,7
33,3,8,8
33,1,1,8
33,2,2,2
33,8,8,8
33,4,4,4
33,7,7,7
33,6,6,6
33,7,7,7
33,4,1,4
33,7,7,7
33,6,6,6
33,6,6,6
33,7,7,7
33,4,7,6
33,4,4,4
33,8,8,8
33,6,6,6
33,3,4,7
33,1,1,1
33,7,7,7
33,8,8,8
33,4,4,4
33,8,8,8
33,6,6,4
33,8,4,4
33,5,5,5
33,2,2,2
33,1,1,1
33,3,2,2
33,3,2,3
33,5,5,5
33,8,8,3
33,7,7,7
33,5,2,5
33,7,1,2
33,8,8,8
33,7,7,7
33,2,2,2
33,4,4,4
33,8,6,8
33,1,1,1
33,1,1,1
33,1,1,1
33,5,5,5
33,6,6,2
33,6,8,5
33,4,7,4
33,4,4,7
33,7,7,7
33,1,1,1
33,6,6,6
33,4,4,8
33,1,1,1
33,1,4,6
33,3,3,3
33,3,3,2
33,7,7,7
33,5,7,6
33,8,8,8
33,6,6,6
33,4,4,4
33,6,6,6
33,7,7,7
33,3,1,2
33,1,1,1
33,6,6,6
33,2,2,2
33,8,8,8
33,5,5,5
33,7,7,7
33,4,4,4
33,5,5,5
33,2,1,1
33,1,4,1
33,3,2,2
33,5,5,5
33,5,5,5
33,3,3,3
33,1,1,1
33,6,6,6
33,8,8,8
33,4,4,1
33,8,4,5
33,7,7,7
33,2,2,2
33,5,5,5
33,7,7,7
33,3,4,7
33,6,6,6
33,4,4,4
33,8,4,5
33,6,6,6
33,5,6,5
33,5,5,5
33,4,4,8
33,8,8,8
33,4,1,4
33,4,4,4
33,1,1,1
33,5,5,5
33,4,4,4
33,4,7,4
33,6,6,6
33,8,8,8
33,2,7,6
33,1,1,1
33,4,4,4
33,3,1,3
33,5,5,5
33,2,2,2
33,3,3,3
33,3,3,8
33,1,1,1
33,3,3,3
33,2,2,2
33,5,5,5
33,7,7,7
33,5,5,5
33,1,1,1
33,1,1,7
33,7,7,7
33,6,6,6
33,1,1,1
33,1,1,1
33,2,2,2
33,4,8,4
33,4,4,4
33,7,7,7
33,4,4,4
33,2,2,3
33,2,2,2
33,1,1,1
33,8,8,8
33,5,5,5
33,8,8,7
33,2,2,2
33,5,5,8
33,5,6,5
33,8,8,8
33,2,2,2
33,2,2,2
33,2,2,2
33,1,1,1
33,1,1,1
33,2,2,2
33,5,5,5
33,7,7,7
33,4,6,6
33,2,2,2
33,8,8,8
33,4,6,6
33,4,4,4
33,3,4,7
33,5,5,5
33,8,4,4
33,4,4,4
33,4,4,4
33,4,4,4
33,2,2,2
33,5,5,8
33,8,8,5
33,6,6,6
33,4,4,4
33,1,1,1
33,6,6,4
33,5,6,5
33,3,3,3
33,6,6,6
33,7,7,8
33,4,4,8
33,7,4,1
33,6,6,6
33,4,4,4
33,4,4,4
33,6,8,6
33,8,8,8
33,8,8,8
33,4,4,4
33,3,3,3
33,5,5,5
33,7,7,7
33,6,6,6
33,5,5,5
33,2,2,2
33,8,8,8
33,1,1,1
33,3,3,3
33,6,8,6
33,3,3,3
33,2,2,2
33,5,5,5
33,5,5,4
33,8,8,8
33,6,6,4
33,6,6,6
33,3,3,3
33,7,7,7
33,1,1,1
33,6,6,6
33,4,4,4
33,7,2,2
33,2,2,2
33,1,1,1
33,6,6,6
33,3,3,3
33,6,6,6
33,1,1,1
33,4,4,4
33,4,7,6
33,1,1,1
33,7,2,3
33,5,5,5
33,2,2,2
33,1,1,1
33,5,5,5
33,1,1,1
33,2,1,1
33,8,4,1
33,5,5,5
33,1,1,1
33,8,8,8
33,7,4,7
33,3,2,2
33,3,3,3
33,2,2,2
33,4,4,6
33,6,6,6
33,4,4,4
33,6,6,4
33,1,1,1
33,1,1,1
33,4,4,4
33,7,7,4
33,8,8,8
33,4,4,8
33,8,8,8
33,6,6,6
33,7,7,7
33,8,4,8
33,2,2,2
33,7,7,7
33,8,8,8
33,2,2,2
33,2,2,2
33,7,7,3
33,1,1,1
33,2,2,2
33,2,2,8
33,2,2,2
33,2,2,2
33,2,2,2
33,4,4,4
33,5,5,5
33,3,3,7
33,4,4,8
33,6,6,6
33,1,1,2
33,7,7,7
33,8,8,8
33,2,2,2
33,1,1,1
33,4,4,4
33,5,5,5
33,8,8,8
33,2,7,8
33,4,7,4
33,4,1,4
33,3,2,8
33,6,6,6
33,8,8,8
33,3,3,3
33,3,3,3
33,3,1,3
33,1,1,1
33,8,6,7
33,1,1,1
